Facility,Expansion_Shelves
Sacramento,4003.940176024079
Austin,1843.5128921448672
Total,5847.453068168947
