Facility,Expansion_Shelves
Sacramento,1734.1776292355148
Austin,356.25968637126687
Total,2090.437315606782
