Facility,Expansion_Shelves
Sacramento,6525.701300759342
Austin,3442.176128827694
Total,9967.877429587035
