Facility,Expansion_Shelves
Sacramento,9149.396663881147
Austin,5206.428437474887
Total,14355.825101356033
