Facility,Expansion_Shelves
Sacramento,15606.38099634336
Austin,9450.084568661565
Total,25056.465565004924
