Facility,Expansion_Shelves
Sacramento,3988.765035421141
Austin,1833.6936835194365
Total,5822.4587189405775
