Facility,Expansion_Shelves
Sacramento,11659.18096010208
Austin,6855.217932106922
Total,18514.398892209
