Facility,Expansion_Shelves
Sacramento,11578.059363697688
Austin,6801.136867837327
Total,18379.196231535017
