Facility,Expansion_Shelves
Sacramento,9000.673737139763
Austin,5107.279819647296
Total,14107.953556787059
