Facility,Expansion_Shelves
Sacramento,15646.941794545555
Austin,9477.12510079636
Total,25124.066895341915
