Facility,Expansion_Shelves
Sacramento,2912.112291400214
Austin,1126.0708455925483
Total,4038.1831369927622
