Facility,Expansion_Shelves
Sacramento,13400.257869232828
Austin,5639.299670131769
Total,19039.557539364596
