Facility,Expansion_Shelves
Sacramento,6454.148372485739
Austin,3401.4407492922337
Total,9855.589121777972
