Facility,Expansion_Shelves
Sacramento,2864.000522428818
Austin,1096.613219716257
Total,3960.613742145075
