Facility,Expansion_Shelves
Sacramento,11753.822822573871
Austin,6918.312507088116
Total,18672.135329661985
