Facility,Expansion_Shelves
Sacramento,15579.340464208564
Austin,9432.057547238364
Total,25011.39801144693
