Facility,Expansion_Shelves
Sacramento,8921.867579353071
Austin,5044.185244666103
Total,13966.052824019174
