Facility,Expansion_Shelves
Sacramento,6420.754630841829
Austin,3383.13521058743
Total,9803.889841429258
