Facility,Expansion_Shelves
Sacramento,6506.110305661582
Austin,3430.7407445965086
Total,9936.85105025809
