Facility,Expansion_Shelves
Sacramento,15673.982326680354
Austin,9495.152122219559
Total,25169.134448899913
