Facility,Expansion_Shelves
Sacramento,483.03477187561657
Austin,0.0
Total,483.03477187561657
