Facility,Expansion_Shelves
Sacramento,11632.140427967282
Austin,6837.190910683724
Total,18469.331338651005
