Facility,Expansion_Shelves
Sacramento,1713.9441084315977
Austin,343.1674082040262
Total,2057.111516635624
