Facility,Expansion_Shelves
Sacramento,15484.698601736773
Austin,9368.962972257172
Total,24853.661573993944
