Facility,Expansion_Shelves
Sacramento,8951.254071999712
Austin,5071.225776800899
Total,14022.479848800613
