Facility,Expansion_Shelves
Sacramento,2889.456770618601
Austin,1112.9785674253076
Total,4002.4353380439084
