Facility,Expansion_Shelves
Sacramento,4043.395098209806
Austin,1866.4243789375382
Total,5909.8194771473445
