Facility,Expansion_Shelves
Sacramento,6400.718385855483
Austin,3373.316001962
Total,9774.034387817483
