Facility,Expansion_Shelves
Sacramento,8892.481086706432
Austin,5017.144712531304
Total,13909.625799237736
