Facility,Expansion_Shelves
Sacramento,15525.25939993897
Austin,9396.003504391969
Total,24921.26290433094
