Facility,Expansion_Shelves
Sacramento,15728.063390949948
Austin,9531.206165065954
Total,25259.269556015905
