Facility,Expansion_Shelves
Sacramento,11726.782290439074
Austin,6900.285485664917
Total,18627.06777610399
