Facility,Expansion_Shelves
Sacramento,6545.2922958571025
Austin,3458.4903250152615
Total,10003.782620872364
