Facility,Expansion_Shelves
Sacramento,6440.790875828174
Austin,3394.0396423141974
Total,9834.830518142371
