Facility,Expansion_Shelves
Sacramento,11496.937767293297
Austin,6747.055803567733
Total,18243.99357086103
