Facility,Expansion_Shelves
Sacramento,4102.85970709629
Austin,1895.8820048138296
Total,5998.741711910119
