Facility,Expansion_Shelves
Sacramento,8973.633205004966
Austin,5089.252798224098
Total,14062.886003229065
