Facility,Expansion_Shelves
Sacramento,11699.741758304277
Austin,6882.25846424172
Total,18582.000222545998
