Facility,Expansion_Shelves
Sacramento,4031.957023789205
Austin,1859.8782398539179
Total,5891.835263643123
