scenario,k_factor,mean_delay,num_delay_events,delay_min,delay_p25,delay_p50,delay_mean,delay_p75,delay_p95,delay_p99,delay_max,delay_truck_weighted,doh_domestic_50pct,doh_international_50pct,shelves_50pct,sacramento_shelves_50pct,austin_shelves_50pct,doh_domestic_95pct,doh_international_95pct,shelves_95pct,sacramento_shelves_95pct,austin_shelves_95pct,doh_domestic_99pct,doh_international_99pct,shelves_99pct,sacramento_shelves_99pct,austin_shelves_99pct
Low Disruption,0.1,3.0,143567,5.503948995178296e-06,0.8694689799911886,2.0892740386646818,3.0011447682326593,4.172029629483543,8.93490016835478,13.720778070341346,40.33067867522848,3.0111612189104027,6.089274038664682,16.089274038664684,19039.5575393646,13400.257869232828,5639.299670131769,12.93490016835478,22.93490016835478,19039.5575393646,13400.257869232828,5639.299670131769,17.720778070341346,27.720778070341346,19039.5575393646,13400.257869232828,5639.299670131769
Moderate Disruption,0.3,5.0,432579,3.58357547381498e-06,1.4340161490799592,3.4587774200362693,5.000348506721431,6.942549555699056,15.00588500260368,23.043537947948565,64.47786970733722,5.002242850336426,7.458777420036269,17.45877742003627,0.0,0.0,0.0,19.00588500260368,29.00588500260368,19039.5575393646,13400.257869232828,5639.299670131769,27.043537947948565,37.043537947948565,19039.5575393646,13400.257869232828,5639.299670131769
High Disruption,0.5,14.0,718260,4.643996242414772e-06,4.023624345442424,9.688191485737782,13.980688807752488,19.359601672103103,41.9276245672472,64.48940315766052,194.11627631580265,13.950948205431674,13.688191485737782,23.688191485737782,19039.5575393646,13400.257869232828,5639.299670131769,45.9276245672472,55.9276245672472,19039.5575393646,13400.257869232828,5639.299670131769,68.48940315766052,78.48940315766052,19039.5575393646,13400.257869232828,5639.299670131769
