Facility,Expansion_Shelves
Sacramento,4089.5022104387263
Austin,1889.3358657302092
Total,5978.838076168935
