Facility,Expansion_Shelves
Sacramento,9068.275067476758
Austin,5152.347373205292
Total,14220.62244068205
