Facility,Expansion_Shelves
Sacramento,1744.2943896374732
Austin,362.805825454887
Total,2107.10021509236
