Facility,Expansion_Shelves
Sacramento,2884.2340432327355
Austin,1109.7054978834972
Total,3993.9395411162327
