Facility,Expansion_Shelves
Sacramento,15444.137803534579
Austin,9341.922440122373
Total,24786.060243656953
