Facility,Expansion_Shelves
Sacramento,2923.5503658208154
Austin,1132.6169846761682
Total,4056.1673504969835
