Facility,Expansion_Shelves
Sacramento,1724.060868833556
Austin,349.7135472876464
Total,2073.774416121202
