Facility,Expansion_Shelves
Sacramento,11780.863354708668
Austin,6936.339528511314
Total,18717.202883219983
