Facility,Expansion_Shelves
Sacramento,2843.7670016249003
Austin,1083.5209415490162
Total,3927.2879431739166
