Facility,Expansion_Shelves
Sacramento,4056.108468794817
Austin,1872.9705180211586
Total,5929.078986815975
