Facility,Expansion_Shelves
Sacramento,2853.883762026859
Austin,1090.0670806326361
Total,3943.9508426594953
