Facility,Expansion_Shelves
Sacramento,11537.498565495493
Austin,6774.096335702529
Total,18311.594901198023
