Facility,Expansion_Shelves
Sacramento,1653.2435460198453
Austin,308.1500464967986
Total,1961.3935925166438
