Facility,Expansion_Shelves
Sacramento,1678.535447024742
Austin,320.2559214113551
Total,1998.7913684360972
