Facility,Expansion_Shelves
Sacramento,4116.217203753854
Austin,1902.42814389745
Total,6018.645347651303
