Facility,Expansion_Shelves
Sacramento,4076.144713781162
Austin,1882.7897266465889
Total,5958.934440427751
