Facility,Expansion_Shelves
Sacramento,2828.591861021963
Austin,1073.7017329235855
Total,3902.2935939455483
