Facility,Expansion_Shelves
Sacramento,2813.4167204190244
Austin,1063.8825242981552
Total,3877.2992447171796
