Facility,Expansion_Shelves
Sacramento,9095.315599611555
Austin,5170.37439462849
Total,14265.689994240045
