Facility,Expansion_Shelves
Sacramento,2874.1172828307763
Austin,1103.1593587998768
Total,3977.276641630653
