Facility,Expansion_Shelves
Sacramento,1668.4186866227833
Austin,313.70978232773484
Total,1982.1284689505183
