Facility,Expansion_Shelves
Sacramento,1698.7689678286597
Austin,333.34819957859565
Total,2032.1171674072552
