Facility,Expansion_Shelves
Sacramento,6564.883290954863
Austin,3476.51734643846
Total,10041.400637393323
