Facility,Expansion_Shelves
Sacramento,6467.505869143302
Austin,3409.1330294151553
Total,9876.638898558458
