Facility,Expansion_Shelves
Sacramento,2900.6742169796125
Austin,1119.524706508928
Total,4020.1989234885405
