Facility,Expansion_Shelves
Sacramento,15701.022858815151
Austin,9513.179143642757
Total,25214.20200245791
