Facility,Expansion_Shelves
Sacramento,1688.652207426701
Austin,326.8020604949754
Total,2015.4542679216763
