Facility,Expansion_Shelves
Sacramento,15552.299932073765
Austin,9414.030525815166
Total,24966.33045788893
