Facility,Expansion_Shelves
Sacramento,4020.518949368604
Austin,1853.3321007702975
Total,5873.851050138901
