Facility,Expansion_Shelves
Sacramento,6480.863365800866
Austin,3417.7761154876966
Total,9898.639481288563
