Facility,Expansion_Shelves
Sacramento,9122.356131746352
Austin,5188.401416051688
Total,14310.757547798039
