Facility,Expansion_Shelves
Sacramento,1638.0684054169074
Austin,308.04231851201143
Total,1946.1107239289188
