Facility,Expansion_Shelves
Sacramento,9027.714269274562
Austin,5125.306841070494
Total,14153.021110345057
