Facility,Expansion_Shelves
Sacramento,11605.099895832485
Austin,6819.163889260524
Total,18424.26378509301
